followers,ngrams
1,5659155
2,1207509
3,529461
4,305565
5,201149
6,142464
7,107502
8,83304
9,66911
10,54943
11,45526
12,38885
13,33497
14,28981
15,25175
16,22203
17,19799
18,17860
19,16305
20,14536
21,13149
22,12115
23,10818
24,10278
25,9290
26,8662
27,8187
28,7603
29,6878
30,6613
31,6181
32,5748
33,5380
34,5089
35,4843
36,4664
37,4347
38,3971
39,3809
40,3637
41,3446
42,3255
43,3133
44,3079
45,2932
46,2707
47,2664
48,2537
49,2389
50,2273
51,2266
52,2022
53,2038
54,1839
55,1863
56,1849
57,1810
58,1653
59,1644
60,1560
61,1519
62,1422
63,1426
64,1365
65,1268
66,1264
67,1252
68,1177
69,1147
70,1119
71,1098
72,1008
73,971
74,981
75,935
76,914
77,864
78,889
79,870
80,841
81,759
82,760
83,753
84,763
85,679
86,717
87,639
88,609
89,645
90,592
91,620
92,596
93,607
94,577
95,538
96,532
97,542
98,527
99,493
100,515
101,499
102,446
103,472
104,442
105,475
106,412
107,420
108,416
109,440
110,387
111,371
112,391
113,368
114,350
115,338
116,314
117,313
118,359
119,378
120,319
121,329
122,294
123,343
124,298
125,280
126,316
127,284
128,288
129,265
130,286
131,272
132,261
133,266
134,230
135,233
136,229
137,238
138,227
139,233
140,236
141,223
142,223
143,192
144,195
145,218
146,191
147,184
148,226
149,181
150,186
151,166
152,186
153,195
154,176
155,150
156,176
157,169
158,179
159,164
160,165
161,166
162,169
163,151
164,179
165,166
166,172
167,138
168,156
169,164
170,161
171,134
172,137
173,139
174,141
175,164
176,125
177,146
178,120
179,124
180,106
181,139
182,102
183,137
184,131
185,129
186,114
187,116
188,115
189,124
190,117
191,109
192,116
193,111
194,103
195,93
196,109
197,105
198,112
199,111
200,104
201,93
202,116
203,90
204,92
205,103
206,99
207,85
208,94
209,88
210,93
211,84
212,84
213,93
214,77
215,91
216,80
217,69
218,88
219,80
220,66
221,79
222,74
223,62
224,84
225,75
226,77
227,76
228,83
229,62
230,60
231,55
232,49
233,70
234,61
235,75
236,70
237,68
238,59
239,67
240,53
241,64
242,75
243,78
244,62
245,57
246,64
247,59
248,62
249,49
250,52
251,56
252,53
253,60
254,48
255,55
256,60
257,50
258,66
259,49
260,39
261,47
262,47
263,51
264,42
265,53
266,46
267,40
268,41
269,46
270,59
271,43
272,58
273,28
274,50
275,44
276,43
277,42
278,32
279,35
280,55
281,52
282,54
283,42
284,45
285,45
286,34
287,31
288,49
289,34
290,43
291,45
292,36
293,49
294,28
295,40
296,44
297,28
298,34
299,47
300,33
301,39
302,46
303,37
304,29
305,44
306,39
307,46
308,35
309,30
310,27
311,32
312,35
313,23
314,39
315,22
316,27
317,33
318,35
319,23
320,38
321,30
322,35
323,24
324,24
325,29
326,29
327,39
328,33
329,36
330,38
331,37
332,35
333,33
334,32
335,36
336,31
337,33
338,26
339,39
340,22
341,30
342,30
343,21
344,37
345,24
346,38
347,25
348,27
349,29
350,32
351,28
352,24
353,24
354,27
355,18
356,32
357,24
358,21
359,15
360,17
361,26
362,23
363,24
364,15
365,19
366,18
367,32
368,30
369,20
370,21
371,19
372,25
373,16
374,25
375,19
376,27
377,35
378,21
379,25
380,23
381,17
382,19
383,22
384,18
385,14
386,17
387,25
388,20
389,16
390,16
391,21
392,21
393,28
394,22
395,22
396,22
397,19
398,14
399,19
400,17
401,21
402,28
403,17
404,15
405,20
406,26
407,11
408,15
409,13
410,21
411,27
412,17
413,21
414,12
415,16
416,16
417,11
418,16
419,19
420,17
421,13
422,17
423,20
424,15
425,17
426,21
427,16
428,15
429,14
430,13
431,15
432,13
433,15
434,15
435,15
436,18
437,14
438,17
439,11
440,19
441,16
442,13
443,16
444,9
445,15
446,12
447,12
448,15
449,19
450,14
451,12
452,13
453,8
454,18
455,14
456,9
457,11
458,9
459,12
460,13
461,18
462,13
463,16
464,11
465,9
466,16
467,12
468,12
469,9
470,10
471,9
472,11
473,5
474,15
475,3
476,9
477,3
478,13
479,8
480,13
481,11
482,10
483,10
484,11
485,12
486,10
487,13
488,17
489,16
490,9
491,11
492,13
493,17
494,8
495,13
496,11
497,11
498,11
499,8
500,10
501,13
502,9
503,6
504,12
505,9
506,15
507,8
508,12
509,8
510,12
511,11
512,11
513,8
514,9
515,7
516,6
517,12
518,11
519,6
520,7
521,11
522,9
523,11
524,12
525,8
526,8
527,5
528,8
529,5
530,10
531,9
532,6
533,7
534,9
535,11
536,8
537,10
538,11
539,6
540,14
541,11
542,14
543,9
544,9
545,3
546,5
547,12
548,12
549,4
550,11
551,9
552,11
553,12
554,8
555,5
556,13
557,10
558,12
559,4
560,5
561,7
562,8
563,7
564,12
565,6
566,5
567,11
568,4
569,10
570,4
571,3
572,8
573,13
574,10
575,11
576,5
577,11
578,8
579,4
580,4
581,8
582,4
583,3
584,10
585,6
586,10
587,8
588,8
589,9
590,4
591,3
592,5
593,9
594,5
595,6
596,9
597,3
598,8
599,13
600,8
601,6
602,5
603,9
604,12
605,4
606,6
607,11
608,7
609,5
610,3
611,5
612,7
613,6
614,13
615,12
616,13
617,10
618,10
619,7
620,3
621,9
622,6
623,5
624,7
625,3
626,3
627,7
628,5
629,4
630,8
631,4
632,9
633,8
634,3
635,4
636,6
637,7
638,5
639,4
640,8
641,3
642,7
643,5
644,3
645,4
646,6
647,6
648,5
649,4
650,2
651,1
652,10
653,2
654,3
655,2
656,2
657,2
658,6
659,6
660,5
661,6
662,6
663,4
664,2
665,5
666,7
667,9
668,8
669,8
670,5
671,8
672,8
673,6
674,8
675,5
676,3
677,3
678,3
679,4
680,6
681,6
682,6
683,1
684,5
686,7
687,6
688,5
689,9
690,10
691,5
692,4
693,4
694,5
695,11
696,7
697,3
698,6
699,3
700,12
701,6
703,5
704,5
705,8
706,5
707,10
708,3
709,6
710,3
711,3
712,6
713,3
714,3
715,4
716,3
717,9
718,4
719,5
720,5
721,4
722,4
723,4
725,2
726,3
727,5
728,3
729,1
730,2
731,3
732,3
733,5
734,3
735,3
736,2
737,2
738,2
739,5
740,4
741,4
742,9
743,3
744,3
745,6
746,3
747,4
748,1
749,5
750,2
751,5
752,4
753,7
754,5
755,2
756,5
757,2
758,6
759,5
760,9
761,4
762,5
763,4
764,8
765,2
766,5
767,4
768,3
769,1
770,5
771,5
772,4
773,3
775,3
776,2
777,2
778,3
779,3
780,6
781,5
782,3
783,3
784,2
785,3
786,3
787,4
788,5
789,1
790,2
791,4
792,6
793,4
794,5
795,4
796,4
797,1
798,5
799,3
800,5
801,1
802,4
803,2
804,1
805,8
806,1
807,2
808,2
809,1
810,5
811,3
812,3
813,3
814,8
815,2
816,4
817,2
818,1
819,4
820,3
821,2
822,2
823,2
824,1
825,1
826,5
827,2
828,2
829,2
830,2
831,2
832,3
833,6
834,6
835,6
836,1
837,3
838,1
839,3
840,2
841,3
842,4
843,4
844,1
845,2
846,1
847,2
848,7
849,1
850,3
851,3
852,4
853,3
854,1
855,2
856,4
857,1
858,4
859,2
860,3
861,2
862,3
863,4
864,2
865,4
866,2
867,1
868,4
869,6
871,2
872,2
873,2
874,1
875,2
876,2
878,3
880,2
883,2
884,2
885,2
886,2
887,2
888,3
889,4
890,2
892,4
893,5
894,5
895,1
896,4
897,3
898,2
899,2
900,1
901,2
902,2
903,2
904,1
905,2
906,3
907,2
908,3
909,2
910,2
911,2
912,3
913,3
914,1
915,3
916,3
917,3
918,3
920,7
921,1
922,1
923,1
924,4
925,3
926,2
927,2
928,2
929,2
930,3
931,2
932,2
933,2
934,4
935,1
936,3
937,1
938,1
939,2
940,1
941,1
942,5
943,1
944,1
945,3
946,3
947,2
948,1
949,6
950,1
951,4
952,5
953,2
954,1
955,1
956,3
957,1
959,2
960,3
961,1
962,3
963,2
964,1
965,2
966,4
967,2
968,2
969,1
970,2
971,4
972,3
973,4
974,2
975,3
976,3
978,2
979,1
980,3
981,2
982,1
983,4
984,3
985,1
986,3
990,2
991,1
993,2
994,3
995,5
996,2
997,3
998,3
999,3
1000,2
1001,1
1002,4
1003,1
1004,1
1005,3
1006,2
1008,1
1009,3
1010,1
1011,2
1012,1
1013,4
1014,2
1016,3
1017,1
1018,4
1019,2
1020,1
1021,1
1022,1
1023,2
1024,1
1026,1
1027,3
1028,2
1029,1
1030,4
1033,1
1034,3
1036,1
1037,1
1039,3
1041,2
1042,1
1044,1
1045,2
1046,3
1047,1
1048,1
1049,5
1050,2
1051,2
1052,1
1053,2
1056,2
1057,1
1058,1
1059,3
1060,2
1061,4
1062,2
1063,1
1064,3
1065,2
1067,2
1068,2
1069,2
1070,1
1071,5
1072,1
1073,1
1075,1
1079,4
1080,3
1081,2
1083,3
1084,1
1085,1
1086,2
1087,1
1088,2
1089,1
1091,2
1092,2
1094,3
1096,4
1098,2
1099,2
1100,1
1101,3
1102,1
1103,1
1104,2
1105,1
1106,2
1107,2
1108,2
1109,3
1110,4
1112,5
1113,2
1114,1
1119,1
1120,2
1121,4
1122,1
1123,5
1124,1
1125,2
1126,2
1130,1
1131,1
1132,4
1133,5
1135,4
1138,1
1139,3
1140,2
1142,3
1143,4
1144,2
1145,2
1147,2
1148,1
1149,5
1150,3
1151,1
1152,1
1153,1
1154,1
1155,1
1156,3
1158,1
1159,3
1160,1
1162,2
1164,3
1165,1
1166,3
1168,4
1170,1
1173,4
1174,2
1175,1
1176,3
1177,3
1179,2
1182,2
1183,1
1184,1
1185,2
1186,1
1188,2
1189,1
1191,2
1192,3
1194,4
1196,2
1197,3
1203,1
1204,1
1205,1
1206,2
1207,1
1209,1
1210,1
1211,2
1212,1
1213,3
1214,3
1215,1
1217,2
1218,4
1219,1
1220,1
1221,1
1222,1
1224,1
1225,1
1226,2
1228,1
1229,1
1231,1
1232,2
1234,1
1235,1
1236,6
1237,1
1238,2
1241,2
1242,1
1243,1
1244,1
1246,4
1247,3
1248,2
1249,2
1250,1
1251,1
1252,2
1253,3
1254,1
1255,1
1257,1
1259,1
1260,2
1261,3
1262,1
1264,2
1265,3
1267,1
1270,1
1271,3
1272,3
1273,2
1275,2
1276,2
1277,2
1279,3
1280,4
1281,2
1283,2
1287,2
1289,2
1290,3
1291,1
1292,3
1293,3
1294,1
1298,1
1299,1
1301,3
1302,2
1303,1
1304,1
1305,1
1306,1
1308,1
1310,1
1312,1
1313,1
1315,1
1318,2
1322,2
1323,1
1325,3
1326,1
1327,2
1328,1
1329,2
1330,2
1331,1
1332,1
1334,1
1335,1
1337,1
1338,1
1340,3
1341,1
1342,2
1344,2
1346,1
1348,2
1349,1
1353,1
1356,1
1358,1
1365,3
1366,1
1367,1
1368,2
1369,1
1371,1
1373,1
1374,1
1375,1
1376,1
1378,1
1379,1
1381,1
1382,1
1386,1
1388,2
1389,1
1390,1
1391,1
1392,2
1394,2
1395,2
1397,2
1398,2
1399,2
1400,1
1401,2
1402,1
1404,3
1405,3
1407,1
1408,1
1409,1
1410,1
1411,2
1413,1
1414,3
1415,1
1416,1
1417,1
1419,1
1420,2
1421,1
1429,1
1432,1
1436,1
1438,1
1440,2
1442,1
1443,1
1444,1
1445,1
1446,1
1447,1
1450,2
1453,2
1455,1
1457,1
1458,1
1460,1
1461,1
1465,2
1466,1
1467,1
1469,1
1470,2
1471,1
1473,1
1474,1
1475,1
1478,1
1481,1
1482,1
1484,1
1485,1
1487,1
1494,1
1497,1
1498,1
1499,1
1501,2
1502,1
1503,2
1504,1
1505,2
1506,1
1507,1
1512,1
1514,1
1518,2
1519,3
1521,1
1522,1
1529,1
1530,1
1533,2
1536,1
1537,2
1542,1
1543,2
1544,1
1546,1
1549,2
1551,2
1552,1
1553,1
1554,2
1556,2
1557,2
1558,1
1559,2
1561,1
1562,1
1563,1
1564,1
1570,2
1571,1
1572,1
1575,1
1577,1
1579,1
1582,1
1585,2
1586,1
1589,1
1597,1
1599,1
1602,1
1603,1
1604,1
1606,1
1607,1
1608,1
1610,1
1612,1
1614,1
1621,2
1623,1
1624,1
1625,1
1629,1
1630,1
1632,1
1640,1
1641,2
1642,1
1643,1
1645,2
1646,2
1647,1
1649,2
1651,1
1652,1
1653,1
1656,1
1657,2
1659,1
1661,1
1663,1
1665,2
1668,1
1670,2
1672,1
1675,1
1679,1
1684,1
1687,2
1689,1
1692,1
1700,2
1701,1
1702,2
1705,1
1707,1
1708,1
1710,2
1711,2
1713,1
1719,1
1720,1
1726,1
1729,1
1731,2
1737,1
1739,1
1741,1
1743,1
1744,2
1756,1
1757,1
1760,1
1762,1
1766,2
1768,1
1770,1
1771,1
1772,2
1774,2
1776,1
1777,1
1779,1
1780,1
1783,2
1785,1
1793,1
1794,2
1800,1
1801,1
1802,1
1803,1
1804,2
1805,1
1806,1
1809,1
1813,1
1817,1
1821,1
1825,1
1828,1
1830,1
1840,1
1841,1
1843,2
1852,1
1854,1
1858,1
1860,1
1862,1
1863,2
1869,1
1874,1
1879,1
1880,1
1883,1
1886,2
1887,2
1888,1
1893,2
1894,1
1895,1
1899,3
1900,1
1904,1
1914,2
1915,1
1917,1
1920,2
1921,1
1922,1
1926,2
1932,1
1938,1
1946,1
1949,1
1952,1
1956,1
1959,1
1961,4
1968,2
1969,1
1974,1
1977,1
1980,1
1985,1
1988,1
1992,1
1998,1
2001,1
2005,1
2013,1
2014,1
2016,1
2017,1
2020,1
2024,2
2029,2
2032,1
2035,1
2038,1
2048,1
2050,2
2053,1
2054,1
2058,1
2060,2
2067,1
2069,1
2070,1
2074,1
2077,1
2092,1
2093,1
2095,2
2097,1
2098,1
2101,1
2103,1
2107,1
2113,1
2114,2
2115,1
2116,1
2121,1
2123,1
2126,1
2128,2
2131,1
2135,1
2138,1
2139,1
2142,1
2148,1
2153,2
2156,1
2157,2
2160,1
2169,3
2174,1
2182,1
2190,1
2193,1
2200,1
2203,2
2205,1
2206,1
2211,1
2214,1
2228,1
2236,1
2238,1
2246,1
2250,1
2253,1
2264,1
2268,1
2270,1
2273,2
2275,1
2277,1
2286,1
2288,1
2293,1
2298,1
2302,2
2308,1
2310,1
2311,1
2312,1
2315,1
2316,1
2318,1
2329,1
2337,1
2339,1
2342,1
2345,1
2347,1
2350,1
2358,1
2360,2
2361,1
2367,1
2371,1
2382,1
2388,1
2392,1
2406,1
2416,1
2435,1
2438,1
2439,1
2441,1
2442,1
2447,2
2458,1
2464,1
2472,1
2480,1
2484,1
2491,1
2500,1
2502,1
2505,1
2509,1
2512,1
2524,2
2526,1
2529,1
2530,1
2532,1
2542,1
2543,1
2554,1
2560,1
2572,1
2575,1
2578,2
2592,1
2594,1
2604,2
2614,1
2625,1
2634,1
2643,1
2649,1
2662,2
2669,1
2725,1
2733,1
2739,1
2752,1
2753,1
2754,1
2763,1
2764,1
2799,1
2835,1
2848,1
2853,1
2862,1
2865,1
2866,1
2868,1
2875,2
2892,1
2895,1
2914,1
2928,1
2937,1
2938,1
2954,1
2972,1
2976,1
2979,1
2982,1
3013,1
3016,1
3036,1
3038,1
3039,1
3065,1
3072,1
3087,1
3089,1
3119,1
3132,1
3133,1
3136,1
3149,1
3158,1
3162,1
3167,1
3170,1
3173,3
3213,1
3215,1
3227,1
3237,2
3240,1
3271,1
3274,1
3290,1
3292,1
3307,1
3320,1
3346,1
3347,1
3351,1
3362,1
3364,1
3366,1
3381,1
3406,1
3426,1
3430,1
3442,1
3445,1
3450,1
3495,1
3533,1
3554,1
3562,1
3574,1
3579,1
3599,1
3602,1
3607,1
3678,1
3688,1
3692,1
3717,1
3724,1
3729,1
3767,1
3772,1
3789,1
3800,1
3812,1
3836,1
3841,1
3892,1
3898,1
3908,1
3915,1
3938,1
3967,1
3977,1
4011,1
4022,1
4035,1
4044,1
4058,1
4064,1
4094,2
4120,1
4122,1
4129,1
4140,1
4142,1
4159,1
4164,1
4199,1
4215,1
4265,1
4275,1
4279,1
4405,1
4422,1
4514,1
4584,1
4643,1
4670,1
4676,1
4733,1
4747,1
4764,1
4805,1
4843,1
4889,1
4910,1
4923,1
4979,1
4983,1
5045,1
5095,1
5118,1
5153,1
5181,1
5192,1
5208,1
5210,1
5230,1
5282,2
5385,1
5407,1
5417,1
5500,1
5536,1
5657,1
5737,1
5831,1
5883,1
5896,1
5908,1
5910,1
5918,1
5943,1
5982,1
6008,1
6224,1
6268,1
6367,1
6534,1
6650,1
6678,1
6696,1
6734,1
6749,1
6934,1
6939,1
6982,1
7174,1
7192,1
7322,1
7545,1
7565,1
7731,1
7794,1
8239,1
8271,1
8497,1
8535,1
8586,1
8669,1
8705,1
9037,1
9135,1
9152,1
9638,1
10007,1
10032,1
10287,1
10364,1
10983,1
11958,1
12008,1
12354,1
12654,1
13121,1
13159,1
13322,1
13760,1
16392,1
17290,1
17429,1
19111,1
19584,1
20115,1
22256,1
22343,1
22349,1
