variant,corpus,run,load_ms,draft_ms,n_drafted,n_accept,accept_pct,peak_rss_bytes
baseline,none,1,0.0,2576.21,301769,46362,15.363,891322368
baseline,none,2,0.0,2456.55,301769,46362,15.363,887734272
baseline,none,3,0.0,2602.96,301769,46362,15.363,892665856
baseline,25mb,1,487.75,15185.01,332917,58722,17.639,1109573632
baseline,25mb,2,437.86,15266.88,332917,58722,17.639,1105936384
baseline,25mb,3,404.82,15109.45,332917,58722,17.639,1105674240
baseline,50mb,1,923.33,19151.22,330291,60050,18.181,1290043392
baseline,50mb,2,904.35,19917.85,330291,60050,18.181,1296678912
baseline,50mb,3,843.54,19728.18,330291,60050,18.181,1290813440
baseline,100mb,1,1427.31,26707.63,326463,61338,18.789,1597243392
baseline,100mb,2,1269.34,27246.46,326463,61338,18.789,1596014592
baseline,100mb,3,1326.57,29544.57,326463,61338,18.789,1593098240
baseline,200mb,1,2464.12,36832.64,324630,62416,19.227,2098528256
baseline,200mb,2,2480.07,39851.76,324630,62416,19.227,2106654720
baseline,200mb,3,2437.72,35772.65,324630,62416,19.227,2107867136
baseline,full,1,8994.34,99339.78,320534,63775,19.896,3454451712
baseline,full,2,5484.64,53042.82,320534,63775,19.896,3469639680
baseline,full,3,5245.21,52809.96,320534,63775,19.896,3464773632
nocopy,none,1,0.0,567.08,300301,46586,15.513,895713280
nocopy,none,2,0.0,535.02,300301,46586,15.513,895385600
nocopy,none,3,0.0,590.41,300301,46586,15.513,896516096
nocopy,25mb,1,480.56,1368.09,332245,58739,17.679,1148944384
nocopy,25mb,2,474.42,1371.57,332245,58739,17.679,1145061376
nocopy,25mb,3,444.69,1312.91,332245,58739,17.679,1142947840
nocopy,50mb,1,974.55,1583.58,330000,60102,18.213,1347076096
nocopy,50mb,2,845.04,1457.74,330000,60102,18.213,1345044480
nocopy,50mb,3,793.28,1455.72,330000,60102,18.213,1348665344
nocopy,100mb,1,1345.0,1528.17,325846,61355,18.829,1636859904
nocopy,100mb,2,1257.12,1511.97,325846,61355,18.829,1639415808
nocopy,100mb,3,1297.06,1479.84,325846,61355,18.829,1638350848
nocopy,200mb,1,2517.14,1731.09,324012,62405,19.26,2175451136
nocopy,200mb,2,2581.64,1842.78,324012,62405,19.26,2181431296
nocopy,200mb,3,2420.63,1821.55,324012,62405,19.26,2180186112
nocopy,full,1,5223.69,2069.97,319980,63830,19.948,3547234304
nocopy,full,2,5545.94,1997.27,319980,63830,19.948,3548200960
nocopy,full,3,5283.15,2132.1,319980,63830,19.948,3551100928
outermap,none,1,0.0,569.52,300301,46586,15.513,882540544
outermap,none,2,0.0,517.15,300301,46586,15.513,893468672
outermap,none,3,0.0,476.68,300301,46586,15.513,883310592
outermap,25mb,1,300.5,1314.74,332245,58739,17.679,1106673664
outermap,25mb,2,287.52,1275.14,332245,58739,17.679,1107984384
outermap,25mb,3,245.3,1308.24,332245,58739,17.679,1113980928
outermap,50mb,1,597.66,1356.3,330000,60102,18.213,1290354688
outermap,50mb,2,527.56,1337.69,330000,60102,18.213,1291911168
outermap,50mb,3,469.06,1432.74,330000,60102,18.213,1298677760
outermap,100mb,1,1025.58,1417.3,325846,61355,18.829,1562951680
outermap,100mb,2,922.38,1482.13,325846,61355,18.829,1564442624
outermap,100mb,3,885.68,1543.78,325846,61355,18.829,1562869760
outermap,200mb,1,1748.17,1536.53,324012,62405,19.26,2074099712
outermap,200mb,2,1647.52,1618.21,324012,62405,19.26,2073624576
outermap,200mb,3,1608.73,1607.16,324012,62405,19.26,2072166400
outermap,full,1,3983.46,1891.76,319980,63830,19.948,3365879808
outermap,full,2,3508.3,1858.82,319980,63830,19.948,3358228480
outermap,full,3,3490.55,1837.91,319980,63830,19.948,3364257792
innervector,none,1,0.0,230.55,299268,46660,15.591,845103104
innervector,none,2,0.0,228.23,299268,46660,15.591,848183296
innervector,none,3,0.0,225.18,299268,46660,15.591,843710464
innervector,25mb,1,311.55,1361.29,332509,58889,17.71,933216256
innervector,25mb,2,235.8,1432.73,332509,58889,17.71,935903232
innervector,25mb,3,231.27,1382.68,332509,58889,17.71,936050688
innervector,50mb,1,556.0,1429.06,330295,60207,18.228,1013825536
innervector,50mb,2,432.47,1505.16,330295,60207,18.228,1013661696
innervector,50mb,3,502.41,1490.06,330295,60207,18.228,1014857728
innervector,100mb,1,1078.53,1732.27,326240,61455,18.837,1106690048
innervector,100mb,2,863.1,1624.97,326240,61455,18.837,1092386816
innervector,100mb,3,933.1,1783.53,326240,61455,18.837,1096630272
innervector,200mb,1,1798.56,1720.2,324458,62458,19.25,1294467072
innervector,200mb,2,1661.37,1695.67,324458,62458,19.25,1298038784
innervector,200mb,3,1683.74,1742.1,324458,62458,19.25,1294860288
innervector,full,1,3854.5,2016.14,320336,63846,19.931,1709473792
innervector,full,2,3741.72,2082.26,320336,63846,19.931,1714880512
innervector,full,3,3705.5,2134.67,320336,63846,19.931,1705263104
constmap,none,1,0.0,224.84,299268,46660,15.591,848658432
constmap,none,2,0.0,223.14,299268,46660,15.591,847806464
constmap,none,3,0.0,234.74,299268,46660,15.591,846233600
constmap,25mb,1,42.31,1256.69,332509,58889,17.71,892207104
constmap,25mb,2,30.52,1279.7,332509,58889,17.71,893124608
constmap,25mb,3,36.1,1261.85,332509,58889,17.71,894287872
constmap,50mb,1,70.58,1373.13,330295,60207,18.228,924155904
constmap,50mb,2,49.48,1441.88,330295,60207,18.228,924565504
constmap,50mb,3,63.68,1354.05,330295,60207,18.228,931561472
constmap,100mb,1,116.87,1511.26,326240,61455,18.837,979140608
constmap,100mb,2,83.29,1472.61,326240,61455,18.837,977666048
constmap,100mb,3,80.43,1706.53,326240,61455,18.837,980926464
constmap,200mb,1,176.69,1588.69,324458,62458,19.25,1078673408
constmap,200mb,2,127.64,1639.37,324458,62458,19.25,1071071232
constmap,200mb,3,128.44,1536.0,324458,62458,19.25,1071906816
constmap,full,1,254.86,1888.53,320336,63846,19.931,1310670848
constmap,full,2,238.74,1854.31,320336,63846,19.931,1310654464
constmap,full,3,237.24,1876.93,320336,63846,19.931,1311080448
